seed,length,pool_acc,pool_time,lstm_acc,lstm_time
123,100,0.8446969696969697,18.014289617538452,0.8325757575757575,30.408495903015137
123,200,0.9,16.359683752059937,0.8689393939393939,43.374048471450806
123,300,0.9204545454545454,14.198015451431274,0.7924242424242425,67.12134552001953
123,400,0.9333333333333333,18.852399826049805,0.6666666666666666,29.074537754058838
123,500,0.9363636363636364,18.64805030822754,0.9151515151515152,104.25550127029419
