seed,pool_acc,pool_time,pool_epoch,lstm_acc,lstm_time,lstm_epoch
123,0.9348484848484848,16.08344841003418,32,0.6727272727272727,31.004477739334106,8
