seed,k,accuracy
42,0,0.9026666666666666
42,1,0.9011111111111111
42,3,0.8906666666666667
42,5,0.8713333333333333
42,8,0.8422222222222222
42,10,0.8353333333333334
123,0,0.8995555555555556
123,1,0.8977777777777778
123,3,0.8855555555555555
123,5,0.856
123,8,0.8246666666666667
123,10,0.8162222222222222
789,0,0.9037777777777778
789,1,0.9017777777777778
789,3,0.8922222222222222
789,5,0.8753333333333333
789,8,0.8535555555555555
789,10,0.8444444444444444
