seed,k,accuracy
42,0,0.8417777777777777
42,1,0.8417777777777777
42,3,0.8424444444444444
42,5,0.8437777777777777
42,8,0.8391111111111111
42,10,0.8342222222222222
123,0,0.8566666666666667
123,1,0.8568888888888889
123,3,0.8566666666666667
123,5,0.8577777777777778
123,8,0.8524444444444444
123,10,0.8406666666666667
789,0,0.8433333333333334
789,1,0.8435555555555555
789,3,0.8444444444444444
789,5,0.848
789,8,0.8453333333333334
789,10,0.8388888888888889
