seed,length,pool_acc,pool_time,lstm_acc,lstm_time
789,100,0.8492424242424242,17.508395195007324,0.8166666666666667,33.87749624252319
789,200,0.9030303030303031,22.54578137397766,0.5424242424242425,18.30726194381714
789,300,0.9204545454545454,17.090651988983154,0.8962121212121212,68.37968826293945
789,400,0.9363636363636364,19.869471549987793,0.9113636363636364,85.81775259971619
789,500,0.9401515151515152,22.24457359313965,0.9204545454545454,106.13363075256348
