seed,pool_acc,pool_time,pool_epoch,lstm_acc,lstm_time,lstm_epoch
789,0.9401515151515152,19.56997299194336,38,0.5416666666666666,26.41233992576599,6
