seed,length,pool_acc,pool_time,lstm_acc,lstm_time
42,100,0.8393939393939394,17.846616983413696,0.8136363636363636,31.021317958831787
42,200,0.9022727272727272,19.263301849365234,0.8742424242424243,50.4925479888916
42,300,0.9196969696969697,15.783783912658691,0.9037878787878788,69.63073682785034
42,400,0.9363636363636364,17.593636751174927,0.8962121212121212,87.97551441192627
42,500,0.9378787878787879,17.92393207550049,0.9143939393939394,108.77854323387146
