seed,pool_acc,pool_time,pool_epoch,lstm_acc,lstm_time,lstm_epoch
42,0.9371212121212121,16.254585027694702,33,0.9143939393939394,104.04418087005615,46
